{
    "accuracy": 0.668433734939759,
    "precision": 0.7306064880112835,
    "recall": 0.5103448275862069,
    "auc": 0.7265154754159309
}